y_DE,D_S,N_C,N_N,Ontology
0.2371124877820365,7.186648683627478e-10,6.0,0.0,sugar
0.20397170905541964,7.604430215946085e-10,7.0,0.0,organic acid
0.31162866369348785,8.422191254249459e-10,5.0,1.0,amino acid
0.05139363327845278,5.76005191716174e-10,18.0,0.0,fatty acid
0.18375418254119752,6.191503747867222e-10,9.0,4.0,nucletotide
0.15316680371266447,7.287916976542285e-10,10.0,1.0,auxin
